"concentration","vtkValidPointMask","arc_length","Points:0","Points:1","Points:2"
3.21836e-01,1,0.00000e+00,0.00000e+00,5.15000e-01,0.00000e+00
3.21593e-01,1,1.00000e-03,1.00000e-03,5.15000e-01,0.00000e+00
3.21342e-01,1,2.00000e-03,2.00000e-03,5.15000e-01,0.00000e+00
3.21091e-01,1,3.00000e-03,3.00000e-03,5.15000e-01,0.00000e+00
3.20841e-01,1,4.00000e-03,4.00000e-03,5.15000e-01,0.00000e+00
3.20592e-01,1,5.00000e-03,5.00000e-03,5.15000e-01,0.00000e+00
3.20344e-01,1,6.00000e-03,6.00000e-03,5.15000e-01,0.00000e+00
3.20096e-01,1,7.00000e-03,7.00000e-03,5.15000e-01,0.00000e+00
3.19849e-01,1,8.00000e-03,8.00000e-03,5.15000e-01,0.00000e+00
3.19602e-01,1,9.00000e-03,9.00000e-03,5.15000e-01,0.00000e+00
3.19356e-01,1,1.00000e-02,1.00000e-02,5.15000e-01,0.00000e+00
3.19111e-01,1,1.10000e-02,1.10000e-02,5.15000e-01,0.00000e+00
3.18866e-01,1,1.20000e-02,1.20000e-02,5.15000e-01,0.00000e+00
3.18622e-01,1,1.30000e-02,1.30000e-02,5.15000e-01,0.00000e+00
3.18379e-01,1,1.40000e-02,1.40000e-02,5.15000e-01,0.00000e+00
3.18136e-01,1,1.50000e-02,1.50000e-02,5.15000e-01,0.00000e+00
3.17894e-01,1,1.60000e-02,1.60000e-02,5.15000e-01,0.00000e+00
3.17652e-01,1,1.70000e-02,1.70000e-02,5.15000e-01,0.00000e+00
3.17412e-01,1,1.80000e-02,1.80000e-02,5.15000e-01,0.00000e+00
3.17171e-01,1,1.90000e-02,1.90000e-02,5.15000e-01,0.00000e+00
3.16932e-01,1,2.00000e-02,2.00000e-02,5.15000e-01,0.00000e+00
3.16692e-01,1,2.10000e-02,2.10000e-02,5.15000e-01,0.00000e+00
3.16454e-01,1,2.20000e-02,2.20000e-02,5.15000e-01,0.00000e+00
3.16216e-01,1,2.30000e-02,2.30000e-02,5.15000e-01,0.00000e+00
3.15979e-01,1,2.40000e-02,2.40000e-02,5.15000e-01,0.00000e+00
3.15742e-01,1,2.50000e-02,2.50000e-02,5.15000e-01,0.00000e+00
3.15506e-01,1,2.60000e-02,2.60000e-02,5.15000e-01,0.00000e+00
3.15270e-01,1,2.70000e-02,2.70000e-02,5.15000e-01,0.00000e+00
3.15035e-01,1,2.80000e-02,2.80000e-02,5.15000e-01,0.00000e+00
3.14801e-01,1,2.90000e-02,2.90000e-02,5.15000e-01,0.00000e+00
3.14567e-01,1,3.00000e-02,3.00000e-02,5.15000e-01,0.00000e+00
3.14343e-01,1,3.10000e-02,3.10000e-02,5.15000e-01,0.00000e+00
3.14120e-01,1,3.20000e-02,3.20000e-02,5.15000e-01,0.00000e+00
3.13897e-01,1,3.30000e-02,3.30000e-02,5.15000e-01,0.00000e+00
3.13676e-01,1,3.40000e-02,3.40000e-02,5.15000e-01,0.00000e+00
3.13454e-01,1,3.50000e-02,3.50000e-02,5.15000e-01,0.00000e+00
3.13234e-01,1,3.60000e-02,3.60000e-02,5.15000e-01,0.00000e+00
3.13014e-01,1,3.70000e-02,3.70000e-02,5.15000e-01,0.00000e+00
3.12795e-01,1,3.80000e-02,3.80000e-02,5.15000e-01,0.00000e+00
3.12577e-01,1,3.90000e-02,3.90000e-02,5.15000e-01,0.00000e+00
3.12359e-01,1,4.00000e-02,4.00000e-02,5.15000e-01,0.00000e+00
3.12142e-01,1,4.10000e-02,4.10000e-02,5.15000e-01,0.00000e+00
3.11925e-01,1,4.20000e-02,4.20000e-02,5.15000e-01,0.00000e+00
3.11709e-01,1,4.30000e-02,4.30000e-02,5.15000e-01,0.00000e+00
3.11494e-01,1,4.40000e-02,4.40000e-02,5.15000e-01,0.00000e+00
3.11279e-01,1,4.50000e-02,4.50000e-02,5.15000e-01,0.00000e+00
3.11065e-01,1,4.60000e-02,4.60000e-02,5.15000e-01,0.00000e+00
3.10852e-01,1,4.70000e-02,4.70000e-02,5.15000e-01,0.00000e+00
3.10639e-01,1,4.80000e-02,4.80000e-02,5.15000e-01,0.00000e+00
3.10427e-01,1,4.90000e-02,4.90000e-02,5.15000e-01,0.00000e+00
3.10216e-01,1,5.00000e-02,5.00000e-02,5.15000e-01,0.00000e+00
3.10005e-01,1,5.10000e-02,5.10000e-02,5.15000e-01,0.00000e+00
3.09794e-01,1,5.20000e-02,5.20000e-02,5.15000e-01,0.00000e+00
3.09585e-01,1,5.30000e-02,5.30000e-02,5.15000e-01,0.00000e+00
3.09369e-01,1,5.40000e-02,5.40000e-02,5.15000e-01,0.00000e+00
3.09149e-01,1,5.50000e-02,5.50000e-02,5.15000e-01,0.00000e+00
3.08930e-01,1,5.60000e-02,5.60000e-02,5.15000e-01,0.00000e+00
3.08711e-01,1,5.70000e-02,5.70000e-02,5.15000e-01,0.00000e+00
3.08493e-01,1,5.80000e-02,5.80000e-02,5.15000e-01,0.00000e+00
3.08276e-01,1,5.90000e-02,5.90000e-02,5.15000e-01,0.00000e+00
3.08060e-01,1,6.00000e-02,6.00000e-02,5.15000e-01,0.00000e+00
3.07844e-01,1,6.10000e-02,6.10000e-02,5.15000e-01,0.00000e+00
3.07632e-01,1,6.20000e-02,6.20000e-02,5.15000e-01,0.00000e+00
3.07424e-01,1,6.30000e-02,6.30000e-02,5.15000e-01,0.00000e+00
3.07216e-01,1,6.40000e-02,6.40000e-02,5.15000e-01,0.00000e+00
3.07010e-01,1,6.50000e-02,6.50000e-02,5.15000e-01,0.00000e+00
3.06804e-01,1,6.60000e-02,6.60000e-02,5.15000e-01,0.00000e+00
3.06598e-01,1,6.70000e-02,6.70000e-02,5.15000e-01,0.00000e+00
3.06394e-01,1,6.80000e-02,6.80000e-02,5.15000e-01,0.00000e+00
3.06190e-01,1,6.90000e-02,6.90000e-02,5.15000e-01,0.00000e+00
3.05987e-01,1,7.00000e-02,7.00000e-02,5.15000e-01,0.00000e+00
3.05785e-01,1,7.10000e-02,7.10000e-02,5.15000e-01,0.00000e+00
3.05583e-01,1,7.20000e-02,7.20000e-02,5.15000e-01,0.00000e+00
3.05382e-01,1,7.30000e-02,7.30000e-02,5.15000e-01,0.00000e+00
3.05182e-01,1,7.40000e-02,7.40000e-02,5.15000e-01,0.00000e+00
3.04983e-01,1,7.50000e-02,7.50000e-02,5.15000e-01,0.00000e+00
3.04784e-01,1,7.60000e-02,7.60000e-02,5.15000e-01,0.00000e+00
3.04586e-01,1,7.70000e-02,7.70000e-02,5.15000e-01,0.00000e+00
3.04389e-01,1,7.80000e-02,7.80000e-02,5.15000e-01,0.00000e+00
3.04193e-01,1,7.90000e-02,7.90000e-02,5.15000e-01,0.00000e+00
3.03997e-01,1,8.00000e-02,8.00000e-02,5.15000e-01,0.00000e+00
3.03802e-01,1,8.10000e-02,8.10000e-02,5.15000e-01,0.00000e+00
3.03607e-01,1,8.20000e-02,8.20000e-02,5.15000e-01,0.00000e+00
3.03414e-01,1,8.30000e-02,8.30000e-02,5.15000e-01,0.00000e+00
3.03221e-01,1,8.40000e-02,8.40000e-02,5.15000e-01,0.00000e+00
3.03029e-01,1,8.50000e-02,8.50000e-02,5.15000e-01,0.00000e+00
3.02837e-01,1,8.60000e-02,8.60000e-02,5.15000e-01,0.00000e+00
3.02646e-01,1,8.70000e-02,8.70000e-02,5.15000e-01,0.00000e+00
3.02456e-01,1,8.80000e-02,8.80000e-02,5.15000e-01,0.00000e+00
3.02266e-01,1,8.90000e-02,8.90000e-02,5.15000e-01,0.00000e+00
3.02078e-01,1,9.00000e-02,9.00000e-02,5.15000e-01,0.00000e+00
3.01889e-01,1,9.10000e-02,9.10000e-02,5.15000e-01,0.00000e+00
3.01702e-01,1,9.20000e-02,9.20000e-02,5.15000e-01,0.00000e+00
3.01515e-01,1,9.30000e-02,9.30000e-02,5.15000e-01,0.00000e+00
3.01329e-01,1,9.40000e-02,9.40000e-02,5.15000e-01,0.00000e+00
3.01146e-01,1,9.50000e-02,9.50000e-02,5.15000e-01,0.00000e+00
3.00965e-01,1,9.60000e-02,9.60000e-02,5.15000e-01,0.00000e+00
3.00784e-01,1,9.70000e-02,9.70000e-02,5.15000e-01,0.00000e+00
3.00603e-01,1,9.80000e-02,9.80000e-02,5.15000e-01,0.00000e+00
3.00424e-01,1,9.90000e-02,9.90000e-02,5.15000e-01,0.00000e+00
3.00245e-01,1,1.00000e-01,1.00000e-01,5.15000e-01,0.00000e+00
3.00066e-01,1,1.01000e-01,1.01000e-01,5.15000e-01,0.00000e+00
2.99889e-01,1,1.02000e-01,1.02000e-01,5.15000e-01,0.00000e+00
2.99712e-01,1,1.03000e-01,1.03000e-01,5.15000e-01,0.00000e+00
2.99535e-01,1,1.04000e-01,1.04000e-01,5.15000e-01,0.00000e+00
2.99360e-01,1,1.05000e-01,1.05000e-01,5.15000e-01,0.00000e+00
2.99185e-01,1,1.06000e-01,1.06000e-01,5.15000e-01,0.00000e+00
2.99011e-01,1,1.07000e-01,1.07000e-01,5.15000e-01,0.00000e+00
2.98837e-01,1,1.08000e-01,1.08000e-01,5.15000e-01,0.00000e+00
2.98664e-01,1,1.09000e-01,1.09000e-01,5.15000e-01,0.00000e+00
2.98492e-01,1,1.10000e-01,1.10000e-01,5.15000e-01,0.00000e+00
2.98321e-01,1,1.11000e-01,1.11000e-01,5.15000e-01,0.00000e+00
2.98150e-01,1,1.12000e-01,1.12000e-01,5.15000e-01,0.00000e+00
2.97979e-01,1,1.13000e-01,1.13000e-01,5.15000e-01,0.00000e+00
2.97802e-01,1,1.14000e-01,1.14000e-01,5.15000e-01,0.00000e+00
2.97625e-01,1,1.15000e-01,1.15000e-01,5.15000e-01,0.00000e+00
2.97448e-01,1,1.16000e-01,1.16000e-01,5.15000e-01,0.00000e+00
2.97272e-01,1,1.17000e-01,1.17000e-01,5.15000e-01,0.00000e+00
2.97097e-01,1,1.18000e-01,1.18000e-01,5.15000e-01,0.00000e+00
2.96923e-01,1,1.19000e-01,1.19000e-01,5.15000e-01,0.00000e+00
2.96749e-01,1,1.20000e-01,1.20000e-01,5.15000e-01,0.00000e+00
2.96576e-01,1,1.21000e-01,1.21000e-01,5.15000e-01,0.00000e+00
2.96404e-01,1,1.22000e-01,1.22000e-01,5.15000e-01,0.00000e+00
2.96233e-01,1,1.23000e-01,1.23000e-01,5.15000e-01,0.00000e+00
2.96062e-01,1,1.24000e-01,1.24000e-01,5.15000e-01,0.00000e+00
2.95892e-01,1,1.25000e-01,1.25000e-01,5.15000e-01,0.00000e+00
2.95723e-01,1,1.26000e-01,1.26000e-01,5.15000e-01,0.00000e+00
2.95554e-01,1,1.27000e-01,1.27000e-01,5.15000e-01,0.00000e+00
2.95387e-01,1,1.28000e-01,1.28000e-01,5.15000e-01,0.00000e+00
2.95220e-01,1,1.29000e-01,1.29000e-01,5.15000e-01,0.00000e+00
2.95055e-01,1,1.30000e-01,1.30000e-01,5.15000e-01,0.00000e+00
2.94890e-01,1,1.31000e-01,1.31000e-01,5.15000e-01,0.00000e+00
2.94725e-01,1,1.32000e-01,1.32000e-01,5.15000e-01,0.00000e+00
2.94562e-01,1,1.33000e-01,1.33000e-01,5.15000e-01,0.00000e+00
2.94399e-01,1,1.34000e-01,1.34000e-01,5.15000e-01,0.00000e+00
2.94237e-01,1,1.35000e-01,1.35000e-01,5.15000e-01,0.00000e+00
2.94076e-01,1,1.36000e-01,1.36000e-01,5.15000e-01,0.00000e+00
2.93915e-01,1,1.37000e-01,1.37000e-01,5.15000e-01,0.00000e+00
2.93756e-01,1,1.38000e-01,1.38000e-01,5.15000e-01,0.00000e+00
2.93596e-01,1,1.39000e-01,1.39000e-01,5.15000e-01,0.00000e+00
2.93438e-01,1,1.40000e-01,1.40000e-01,5.15000e-01,0.00000e+00
2.93280e-01,1,1.41000e-01,1.41000e-01,5.15000e-01,0.00000e+00
2.93123e-01,1,1.42000e-01,1.42000e-01,5.15000e-01,0.00000e+00
2.92967e-01,1,1.43000e-01,1.43000e-01,5.15000e-01,0.00000e+00
2.92811e-01,1,1.44000e-01,1.44000e-01,5.15000e-01,0.00000e+00
2.92656e-01,1,1.45000e-01,1.45000e-01,5.15000e-01,0.00000e+00
2.92502e-01,1,1.46000e-01,1.46000e-01,5.15000e-01,0.00000e+00
2.92348e-01,1,1.47000e-01,1.47000e-01,5.15000e-01,0.00000e+00
2.92195e-01,1,1.48000e-01,1.48000e-01,5.15000e-01,0.00000e+00
2.92043e-01,1,1.49000e-01,1.49000e-01,5.15000e-01,0.00000e+00
2.91891e-01,1,1.50000e-01,1.50000e-01,5.15000e-01,0.00000e+00
2.91740e-01,1,1.51000e-01,1.51000e-01,5.15000e-01,0.00000e+00
2.91590e-01,1,1.52000e-01,1.52000e-01,5.15000e-01,0.00000e+00
2.91440e-01,1,1.53000e-01,1.53000e-01,5.15000e-01,0.00000e+00
2.91292e-01,1,1.54000e-01,1.54000e-01,5.15000e-01,0.00000e+00
2.91143e-01,1,1.55000e-01,1.55000e-01,5.15000e-01,0.00000e+00
2.90996e-01,1,1.56000e-01,1.56000e-01,5.15000e-01,0.00000e+00
2.90849e-01,1,1.57000e-01,1.57000e-01,5.15000e-01,0.00000e+00
2.90703e-01,1,1.58000e-01,1.58000e-01,5.15000e-01,0.00000e+00
2.90557e-01,1,1.59000e-01,1.59000e-01,5.15000e-01,0.00000e+00
2.90412e-01,1,1.60000e-01,1.60000e-01,5.15000e-01,0.00000e+00
2.90268e-01,1,1.61000e-01,1.61000e-01,5.15000e-01,0.00000e+00
2.90124e-01,1,1.62000e-01,1.62000e-01,5.15000e-01,0.00000e+00
2.89981e-01,1,1.63000e-01,1.63000e-01,5.15000e-01,0.00000e+00
2.89838e-01,1,1.64000e-01,1.64000e-01,5.15000e-01,0.00000e+00
2.89695e-01,1,1.65000e-01,1.65000e-01,5.15000e-01,0.00000e+00
2.89553e-01,1,1.66000e-01,1.66000e-01,5.15000e-01,0.00000e+00
2.89412e-01,1,1.67000e-01,1.67000e-01,5.15000e-01,0.00000e+00
2.89272e-01,1,1.68000e-01,1.68000e-01,5.15000e-01,0.00000e+00
2.89132e-01,1,1.69000e-01,1.69000e-01,5.15000e-01,0.00000e+00
2.88993e-01,1,1.70000e-01,1.70000e-01,5.15000e-01,0.00000e+00
2.88854e-01,1,1.71000e-01,1.71000e-01,5.15000e-01,0.00000e+00
2.88716e-01,1,1.72000e-01,1.72000e-01,5.15000e-01,0.00000e+00
2.88579e-01,1,1.73000e-01,1.73000e-01,5.15000e-01,0.00000e+00
2.88442e-01,1,1.74000e-01,1.74000e-01,5.15000e-01,0.00000e+00
2.88306e-01,1,1.75000e-01,1.75000e-01,5.15000e-01,0.00000e+00
2.88171e-01,1,1.76000e-01,1.76000e-01,5.15000e-01,0.00000e+00
2.88036e-01,1,1.77000e-01,1.77000e-01,5.15000e-01,0.00000e+00
2.87902e-01,1,1.78000e-01,1.78000e-01,5.15000e-01,0.00000e+00
2.87768e-01,1,1.79000e-01,1.79000e-01,5.15000e-01,0.00000e+00
2.87635e-01,1,1.80000e-01,1.80000e-01,5.15000e-01,0.00000e+00
2.87497e-01,1,1.81000e-01,1.81000e-01,5.15000e-01,0.00000e+00
2.87360e-01,1,1.82000e-01,1.82000e-01,5.15000e-01,0.00000e+00
2.87224e-01,1,1.83000e-01,1.83000e-01,5.15000e-01,0.00000e+00
2.87088e-01,1,1.84000e-01,1.84000e-01,5.15000e-01,0.00000e+00
2.86953e-01,1,1.85000e-01,1.85000e-01,5.15000e-01,0.00000e+00
2.86818e-01,1,1.86000e-01,1.86000e-01,5.15000e-01,0.00000e+00
2.86684e-01,1,1.87000e-01,1.87000e-01,5.15000e-01,0.00000e+00
2.86551e-01,1,1.88000e-01,1.88000e-01,5.15000e-01,0.00000e+00
2.86419e-01,1,1.89000e-01,1.89000e-01,5.15000e-01,0.00000e+00
2.86287e-01,1,1.90000e-01,1.90000e-01,5.15000e-01,0.00000e+00
2.86156e-01,1,1.91000e-01,1.91000e-01,5.15000e-01,0.00000e+00
2.86025e-01,1,1.92000e-01,1.92000e-01,5.15000e-01,0.00000e+00
2.85895e-01,1,1.93000e-01,1.93000e-01,5.15000e-01,0.00000e+00
2.85766e-01,1,1.94000e-01,1.94000e-01,5.15000e-01,0.00000e+00
2.85638e-01,1,1.95000e-01,1.95000e-01,5.15000e-01,0.00000e+00
2.85510e-01,1,1.96000e-01,1.96000e-01,5.15000e-01,0.00000e+00
2.85382e-01,1,1.97000e-01,1.97000e-01,5.15000e-01,0.00000e+00
2.85256e-01,1,1.98000e-01,1.98000e-01,5.15000e-01,0.00000e+00
2.85129e-01,1,1.99000e-01,1.99000e-01,5.15000e-01,0.00000e+00
2.85003e-01,1,2.00000e-01,2.00000e-01,5.15000e-01,0.00000e+00
2.84877e-01,1,2.01000e-01,2.01000e-01,5.15000e-01,0.00000e+00
2.84751e-01,1,2.02000e-01,2.02000e-01,5.15000e-01,0.00000e+00
2.84626e-01,1,2.03000e-01,2.03000e-01,5.15000e-01,0.00000e+00
2.84502e-01,1,2.04000e-01,2.04000e-01,5.15000e-01,0.00000e+00
2.84379e-01,1,2.05000e-01,2.05000e-01,5.15000e-01,0.00000e+00
2.84256e-01,1,2.06000e-01,2.06000e-01,5.15000e-01,0.00000e+00
2.84133e-01,1,2.07000e-01,2.07000e-01,5.15000e-01,0.00000e+00
2.84012e-01,1,2.08000e-01,2.08000e-01,5.15000e-01,0.00000e+00
2.83891e-01,1,2.09000e-01,2.09000e-01,5.15000e-01,0.00000e+00
2.83770e-01,1,2.10000e-01,2.10000e-01,5.15000e-01,0.00000e+00
2.83650e-01,1,2.11000e-01,2.11000e-01,5.15000e-01,0.00000e+00
2.83531e-01,1,2.12000e-01,2.12000e-01,5.15000e-01,0.00000e+00
2.83412e-01,1,2.13000e-01,2.13000e-01,5.15000e-01,0.00000e+00
2.83294e-01,1,2.14000e-01,2.14000e-01,5.15000e-01,0.00000e+00
2.83177e-01,1,2.15000e-01,2.15000e-01,5.15000e-01,0.00000e+00
2.83060e-01,1,2.16000e-01,2.16000e-01,5.15000e-01,0.00000e+00
2.82944e-01,1,2.17000e-01,2.17000e-01,5.15000e-01,0.00000e+00
2.82829e-01,1,2.18000e-01,2.18000e-01,5.15000e-01,0.00000e+00
2.82714e-01,1,2.19000e-01,2.19000e-01,5.15000e-01,0.00000e+00
2.82599e-01,1,2.20000e-01,2.20000e-01,5.15000e-01,0.00000e+00
2.82485e-01,1,2.21000e-01,2.21000e-01,5.15000e-01,0.00000e+00
2.82372e-01,1,2.22000e-01,2.22000e-01,5.15000e-01,0.00000e+00
2.82260e-01,1,2.23000e-01,2.23000e-01,5.15000e-01,0.00000e+00
2.82148e-01,1,2.24000e-01,2.24000e-01,5.15000e-01,0.00000e+00
2.82036e-01,1,2.25000e-01,2.25000e-01,5.15000e-01,0.00000e+00
2.81925e-01,1,2.26000e-01,2.26000e-01,5.15000e-01,0.00000e+00
2.81815e-01,1,2.27000e-01,2.27000e-01,5.15000e-01,0.00000e+00
2.81705e-01,1,2.28000e-01,2.28000e-01,5.15000e-01,0.00000e+00
2.81596e-01,1,2.29000e-01,2.29000e-01,5.15000e-01,0.00000e+00
2.81488e-01,1,2.30000e-01,2.30000e-01,5.15000e-01,0.00000e+00
2.81380e-01,1,2.31000e-01,2.31000e-01,5.15000e-01,0.00000e+00
2.81273e-01,1,2.32000e-01,2.32000e-01,5.15000e-01,0.00000e+00
2.81166e-01,1,2.33000e-01,2.33000e-01,5.15000e-01,0.00000e+00
2.81060e-01,1,2.34000e-01,2.34000e-01,5.15000e-01,0.00000e+00
2.80954e-01,1,2.35000e-01,2.35000e-01,5.15000e-01,0.00000e+00
2.80849e-01,1,2.36000e-01,2.36000e-01,5.15000e-01,0.00000e+00
2.80743e-01,1,2.37000e-01,2.37000e-01,5.15000e-01,0.00000e+00
2.80638e-01,1,2.38000e-01,2.38000e-01,5.15000e-01,0.00000e+00
2.80533e-01,1,2.39000e-01,2.39000e-01,5.15000e-01,0.00000e+00
2.80429e-01,1,2.40000e-01,2.40000e-01,5.15000e-01,0.00000e+00
2.80325e-01,1,2.41000e-01,2.41000e-01,5.15000e-01,0.00000e+00
2.80222e-01,1,2.42000e-01,2.42000e-01,5.15000e-01,0.00000e+00
2.80120e-01,1,2.43000e-01,2.43000e-01,5.15000e-01,0.00000e+00
2.80018e-01,1,2.44000e-01,2.44000e-01,5.15000e-01,0.00000e+00
2.79917e-01,1,2.45000e-01,2.45000e-01,5.15000e-01,0.00000e+00
2.79816e-01,1,2.46000e-01,2.46000e-01,5.15000e-01,0.00000e+00
2.79716e-01,1,2.47000e-01,2.47000e-01,5.15000e-01,0.00000e+00
2.79617e-01,1,2.48000e-01,2.48000e-01,5.15000e-01,0.00000e+00
2.79517e-01,1,2.49000e-01,2.49000e-01,5.15000e-01,0.00000e+00
2.79419e-01,1,2.50000e-01,2.50000e-01,5.15000e-01,0.00000e+00
2.79321e-01,1,2.51000e-01,2.51000e-01,5.15000e-01,0.00000e+00
2.79224e-01,1,2.52000e-01,2.52000e-01,5.15000e-01,0.00000e+00
2.79127e-01,1,2.53000e-01,2.53000e-01,5.15000e-01,0.00000e+00
2.79030e-01,1,2.54000e-01,2.54000e-01,5.15000e-01,0.00000e+00
2.78934e-01,1,2.55000e-01,2.55000e-01,5.15000e-01,0.00000e+00
2.78835e-01,1,2.56000e-01,2.56000e-01,5.15000e-01,0.00000e+00
2.78737e-01,1,2.57000e-01,2.57000e-01,5.15000e-01,0.00000e+00
2.78639e-01,1,2.58000e-01,2.58000e-01,5.15000e-01,0.00000e+00
2.78542e-01,1,2.59000e-01,2.59000e-01,5.15000e-01,0.00000e+00
2.78445e-01,1,2.60000e-01,2.60000e-01,5.15000e-01,0.00000e+00
2.78349e-01,1,2.61000e-01,2.61000e-01,5.15000e-01,0.00000e+00
2.78254e-01,1,2.62000e-01,2.62000e-01,5.15000e-01,0.00000e+00
2.78159e-01,1,2.63000e-01,2.63000e-01,5.15000e-01,0.00000e+00
2.78065e-01,1,2.64000e-01,2.64000e-01,5.15000e-01,0.00000e+00
2.77971e-01,1,2.65000e-01,2.65000e-01,5.15000e-01,0.00000e+00
2.77878e-01,1,2.66000e-01,2.66000e-01,5.15000e-01,0.00000e+00
2.77785e-01,1,2.67000e-01,2.67000e-01,5.15000e-01,0.00000e+00
2.77693e-01,1,2.68000e-01,2.68000e-01,5.15000e-01,0.00000e+00
2.77602e-01,1,2.69000e-01,2.69000e-01,5.15000e-01,0.00000e+00
2.77510e-01,1,2.70000e-01,2.70000e-01,5.15000e-01,0.00000e+00
2.77420e-01,1,2.71000e-01,2.71000e-01,5.15000e-01,0.00000e+00
2.77330e-01,1,2.72000e-01,2.72000e-01,5.15000e-01,0.00000e+00
2.77241e-01,1,2.73000e-01,2.73000e-01,5.15000e-01,0.00000e+00
2.77152e-01,1,2.74000e-01,2.74000e-01,5.15000e-01,0.00000e+00
2.77063e-01,1,2.75000e-01,2.75000e-01,5.15000e-01,0.00000e+00
2.76974e-01,1,2.76000e-01,2.76000e-01,5.15000e-01,0.00000e+00
2.76886e-01,1,2.77000e-01,2.77000e-01,5.15000e-01,0.00000e+00
2.76799e-01,1,2.78000e-01,2.78000e-01,5.15000e-01,0.00000e+00
2.76712e-01,1,2.79000e-01,2.79000e-01,5.15000e-01,0.00000e+00
2.76625e-01,1,2.80000e-01,2.80000e-01,5.15000e-01,0.00000e+00
2.76539e-01,1,2.81000e-01,2.81000e-01,5.15000e-01,0.00000e+00
2.76454e-01,1,2.82000e-01,2.82000e-01,5.15000e-01,0.00000e+00
2.76369e-01,1,2.83000e-01,2.83000e-01,5.15000e-01,0.00000e+00
2.76285e-01,1,2.84000e-01,2.84000e-01,5.15000e-01,0.00000e+00
2.76201e-01,1,2.85000e-01,2.85000e-01,5.15000e-01,0.00000e+00
2.76118e-01,1,2.86000e-01,2.86000e-01,5.15000e-01,0.00000e+00
2.76035e-01,1,2.87000e-01,2.87000e-01,5.15000e-01,0.00000e+00
2.75952e-01,1,2.88000e-01,2.88000e-01,5.15000e-01,0.00000e+00
2.75871e-01,1,2.89000e-01,2.89000e-01,5.15000e-01,0.00000e+00
2.75789e-01,1,2.90000e-01,2.90000e-01,5.15000e-01,0.00000e+00
2.75709e-01,1,2.91000e-01,2.91000e-01,5.15000e-01,0.00000e+00
2.75628e-01,1,2.92000e-01,2.92000e-01,5.15000e-01,0.00000e+00
2.75549e-01,1,2.93000e-01,2.93000e-01,5.15000e-01,0.00000e+00
2.75469e-01,1,2.94000e-01,2.94000e-01,5.15000e-01,0.00000e+00
2.75391e-01,1,2.95000e-01,2.95000e-01,5.15000e-01,0.00000e+00
2.75312e-01,1,2.96000e-01,2.96000e-01,5.15000e-01,0.00000e+00
2.75235e-01,1,2.97000e-01,2.97000e-01,5.15000e-01,0.00000e+00
2.75157e-01,1,2.98000e-01,2.98000e-01,5.15000e-01,0.00000e+00
2.75080e-01,1,2.99000e-01,2.99000e-01,5.15000e-01,0.00000e+00
2.75004e-01,1,3.00000e-01,3.00000e-01,5.15000e-01,0.00000e+00
2.74928e-01,1,3.01000e-01,3.01000e-01,5.15000e-01,0.00000e+00
2.74853e-01,1,3.02000e-01,3.02000e-01,5.15000e-01,0.00000e+00
2.74778e-01,1,3.03000e-01,3.03000e-01,5.15000e-01,0.00000e+00
2.74704e-01,1,3.04000e-01,3.04000e-01,5.15000e-01,0.00000e+00
2.74630e-01,1,3.05000e-01,3.05000e-01,5.15000e-01,0.00000e+00
2.74557e-01,1,3.06000e-01,3.06000e-01,5.15000e-01,0.00000e+00
2.74484e-01,1,3.07000e-01,3.07000e-01,5.15000e-01,0.00000e+00
2.74412e-01,1,3.08000e-01,3.08000e-01,5.15000e-01,0.00000e+00
2.74340e-01,1,3.09000e-01,3.09000e-01,5.15000e-01,0.00000e+00
2.74268e-01,1,3.10000e-01,3.10000e-01,5.15000e-01,0.00000e+00
2.74197e-01,1,3.11000e-01,3.11000e-01,5.15000e-01,0.00000e+00
2.74127e-01,1,3.12000e-01,3.12000e-01,5.15000e-01,0.00000e+00
2.74057e-01,1,3.13000e-01,3.13000e-01,5.15000e-01,0.00000e+00
2.73988e-01,1,3.14000e-01,3.14000e-01,5.15000e-01,0.00000e+00
2.73919e-01,1,3.15000e-01,3.15000e-01,5.15000e-01,0.00000e+00
2.73851e-01,1,3.16000e-01,3.16000e-01,5.15000e-01,0.00000e+00
2.73783e-01,1,3.17000e-01,3.17000e-01,5.15000e-01,0.00000e+00
2.73716e-01,1,3.18000e-01,3.18000e-01,5.15000e-01,0.00000e+00
2.73649e-01,1,3.19000e-01,3.19000e-01,5.15000e-01,0.00000e+00
2.73583e-01,1,3.20000e-01,3.20000e-01,5.15000e-01,0.00000e+00
2.73517e-01,1,3.21000e-01,3.21000e-01,5.15000e-01,0.00000e+00
2.73451e-01,1,3.22000e-01,3.22000e-01,5.15000e-01,0.00000e+00
2.73387e-01,1,3.23000e-01,3.23000e-01,5.15000e-01,0.00000e+00
2.73322e-01,1,3.24000e-01,3.24000e-01,5.15000e-01,0.00000e+00
2.73258e-01,1,3.25000e-01,3.25000e-01,5.15000e-01,0.00000e+00
2.73195e-01,1,3.26000e-01,3.26000e-01,5.15000e-01,0.00000e+00
2.73131e-01,1,3.27000e-01,3.27000e-01,5.15000e-01,0.00000e+00
2.73069e-01,1,3.28000e-01,3.28000e-01,5.15000e-01,0.00000e+00
2.73007e-01,1,3.29000e-01,3.29000e-01,5.15000e-01,0.00000e+00
2.72945e-01,1,3.30000e-01,3.30000e-01,5.15000e-01,0.00000e+00
2.72884e-01,1,3.31000e-01,3.31000e-01,5.15000e-01,0.00000e+00
2.72823e-01,1,3.32000e-01,3.32000e-01,5.15000e-01,0.00000e+00
2.72763e-01,1,3.33000e-01,3.33000e-01,5.15000e-01,0.00000e+00
2.72703e-01,1,3.34000e-01,3.34000e-01,5.15000e-01,0.00000e+00
2.72643e-01,1,3.35000e-01,3.35000e-01,5.15000e-01,0.00000e+00
2.72584e-01,1,3.36000e-01,3.36000e-01,5.15000e-01,0.00000e+00
2.72526e-01,1,3.37000e-01,3.37000e-01,5.15000e-01,0.00000e+00
2.72467e-01,1,3.38000e-01,3.38000e-01,5.15000e-01,0.00000e+00
2.72407e-01,1,3.39000e-01,3.39000e-01,5.15000e-01,0.00000e+00
2.72347e-01,1,3.40000e-01,3.40000e-01,5.15000e-01,0.00000e+00
2.72288e-01,1,3.41000e-01,3.41000e-01,5.15000e-01,0.00000e+00
2.72229e-01,1,3.42000e-01,3.42000e-01,5.15000e-01,0.00000e+00
2.72170e-01,1,3.43000e-01,3.43000e-01,5.15000e-01,0.00000e+00
2.72112e-01,1,3.44000e-01,3.44000e-01,5.15000e-01,0.00000e+00
2.72055e-01,1,3.45000e-01,3.45000e-01,5.15000e-01,0.00000e+00
2.71998e-01,1,3.46000e-01,3.46000e-01,5.15000e-01,0.00000e+00
2.71941e-01,1,3.47000e-01,3.47000e-01,5.15000e-01,0.00000e+00
2.71885e-01,1,3.48000e-01,3.48000e-01,5.15000e-01,0.00000e+00
2.71829e-01,1,3.49000e-01,3.49000e-01,5.15000e-01,0.00000e+00
2.71773e-01,1,3.50000e-01,3.50000e-01,5.15000e-01,0.00000e+00
2.71718e-01,1,3.51000e-01,3.51000e-01,5.15000e-01,0.00000e+00
2.71664e-01,1,3.52000e-01,3.52000e-01,5.15000e-01,0.00000e+00
2.71610e-01,1,3.53000e-01,3.53000e-01,5.15000e-01,0.00000e+00
2.71557e-01,1,3.54000e-01,3.54000e-01,5.15000e-01,0.00000e+00
2.71506e-01,1,3.55000e-01,3.55000e-01,5.15000e-01,0.00000e+00
2.71455e-01,1,3.56000e-01,3.56000e-01,5.15000e-01,0.00000e+00
2.71404e-01,1,3.57000e-01,3.57000e-01,5.15000e-01,0.00000e+00
2.71353e-01,1,3.58000e-01,3.58000e-01,5.15000e-01,0.00000e+00
2.71303e-01,1,3.59000e-01,3.59000e-01,5.15000e-01,0.00000e+00
2.71254e-01,1,3.60000e-01,3.60000e-01,5.15000e-01,0.00000e+00
2.71205e-01,1,3.61000e-01,3.61000e-01,5.15000e-01,0.00000e+00
2.71156e-01,1,3.62000e-01,3.62000e-01,5.15000e-01,0.00000e+00
2.71108e-01,1,3.63000e-01,3.63000e-01,5.15000e-01,0.00000e+00
2.71060e-01,1,3.64000e-01,3.64000e-01,5.15000e-01,0.00000e+00
2.71012e-01,1,3.65000e-01,3.65000e-01,5.15000e-01,0.00000e+00
2.70965e-01,1,3.66000e-01,3.66000e-01,5.15000e-01,0.00000e+00
2.70918e-01,1,3.67000e-01,3.67000e-01,5.15000e-01,0.00000e+00
2.70872e-01,1,3.68000e-01,3.68000e-01,5.15000e-01,0.00000e+00
2.70826e-01,1,3.69000e-01,3.69000e-01,5.15000e-01,0.00000e+00
2.70781e-01,1,3.70000e-01,3.70000e-01,5.15000e-01,0.00000e+00
2.70736e-01,1,3.71000e-01,3.71000e-01,5.15000e-01,0.00000e+00
2.70691e-01,1,3.72000e-01,3.72000e-01,5.15000e-01,0.00000e+00
2.70647e-01,1,3.73000e-01,3.73000e-01,5.15000e-01,0.00000e+00
2.70603e-01,1,3.74000e-01,3.74000e-01,5.15000e-01,0.00000e+00
2.70559e-01,1,3.75000e-01,3.75000e-01,5.15000e-01,0.00000e+00
2.70516e-01,1,3.76000e-01,3.76000e-01,5.15000e-01,0.00000e+00
2.70474e-01,1,3.77000e-01,3.77000e-01,5.15000e-01,0.00000e+00
2.70431e-01,1,3.78000e-01,3.78000e-01,5.15000e-01,0.00000e+00
2.70389e-01,1,3.79000e-01,3.79000e-01,5.15000e-01,0.00000e+00
2.70348e-01,1,3.80000e-01,3.80000e-01,5.15000e-01,0.00000e+00
2.70307e-01,1,3.81000e-01,3.81000e-01,5.15000e-01,0.00000e+00
2.70266e-01,1,3.82000e-01,3.82000e-01,5.15000e-01,0.00000e+00
2.70226e-01,1,3.83000e-01,3.83000e-01,5.15000e-01,0.00000e+00
2.70186e-01,1,3.84000e-01,3.84000e-01,5.15000e-01,0.00000e+00
2.70147e-01,1,3.85000e-01,3.85000e-01,5.15000e-01,0.00000e+00
2.70107e-01,1,3.86000e-01,3.86000e-01,5.15000e-01,0.00000e+00
2.70069e-01,1,3.87000e-01,3.87000e-01,5.15000e-01,0.00000e+00
2.70030e-01,1,3.88000e-01,3.88000e-01,5.15000e-01,0.00000e+00
2.69992e-01,1,3.89000e-01,3.89000e-01,5.15000e-01,0.00000e+00
2.69955e-01,1,3.90000e-01,3.90000e-01,5.15000e-01,0.00000e+00
2.69918e-01,1,3.91000e-01,3.91000e-01,5.15000e-01,0.00000e+00
2.69881e-01,1,3.92000e-01,3.92000e-01,5.15000e-01,0.00000e+00
2.69844e-01,1,3.93000e-01,3.93000e-01,5.15000e-01,0.00000e+00
2.69808e-01,1,3.94000e-01,3.94000e-01,5.15000e-01,0.00000e+00
2.69776e-01,1,3.95000e-01,3.95000e-01,5.15000e-01,0.00000e+00
2.69743e-01,1,3.96000e-01,3.96000e-01,5.15000e-01,0.00000e+00
2.69712e-01,1,3.97000e-01,3.97000e-01,5.15000e-01,0.00000e+00
2.69680e-01,1,3.98000e-01,3.98000e-01,5.15000e-01,0.00000e+00
2.69649e-01,1,3.99000e-01,3.99000e-01,5.15000e-01,0.00000e+00
2.69618e-01,1,4.00000e-01,4.00000e-01,5.15000e-01,0.00000e+00
2.69588e-01,1,4.01000e-01,4.01000e-01,5.15000e-01,0.00000e+00
2.69558e-01,1,4.02000e-01,4.02000e-01,5.15000e-01,0.00000e+00
2.69528e-01,1,4.03000e-01,4.03000e-01,5.15000e-01,0.00000e+00
2.69499e-01,1,4.04000e-01,4.04000e-01,5.15000e-01,0.00000e+00
2.69470e-01,1,4.05000e-01,4.05000e-01,5.15000e-01,0.00000e+00
2.69442e-01,1,4.06000e-01,4.06000e-01,5.15000e-01,0.00000e+00
2.69414e-01,1,4.07000e-01,4.07000e-01,5.15000e-01,0.00000e+00
2.69386e-01,1,4.08000e-01,4.08000e-01,5.15000e-01,0.00000e+00
2.69359e-01,1,4.09000e-01,4.09000e-01,5.15000e-01,0.00000e+00
2.69332e-01,1,4.10000e-01,4.10000e-01,5.15000e-01,0.00000e+00
2.69305e-01,1,4.11000e-01,4.11000e-01,5.15000e-01,0.00000e+00
2.69279e-01,1,4.12000e-01,4.12000e-01,5.15000e-01,0.00000e+00
2.69253e-01,1,4.13000e-01,4.13000e-01,5.15000e-01,0.00000e+00
2.69227e-01,1,4.14000e-01,4.14000e-01,5.15000e-01,0.00000e+00
2.69202e-01,1,4.15000e-01,4.15000e-01,5.15000e-01,0.00000e+00
2.69177e-01,1,4.16000e-01,4.16000e-01,5.15000e-01,0.00000e+00
2.69152e-01,1,4.17000e-01,4.17000e-01,5.15000e-01,0.00000e+00
2.69128e-01,1,4.18000e-01,4.18000e-01,5.15000e-01,0.00000e+00
2.69105e-01,1,4.19000e-01,4.19000e-01,5.15000e-01,0.00000e+00
2.69081e-01,1,4.20000e-01,4.20000e-01,5.15000e-01,0.00000e+00
2.69058e-01,1,4.21000e-01,4.21000e-01,5.15000e-01,0.00000e+00
2.69035e-01,1,4.22000e-01,4.22000e-01,5.15000e-01,0.00000e+00
2.69013e-01,1,4.23000e-01,4.23000e-01,5.15000e-01,0.00000e+00
2.68991e-01,1,4.24000e-01,4.24000e-01,5.15000e-01,0.00000e+00
2.68969e-01,1,4.25000e-01,4.25000e-01,5.15000e-01,0.00000e+00
2.68948e-01,1,4.26000e-01,4.26000e-01,5.15000e-01,0.00000e+00
2.68927e-01,1,4.27000e-01,4.27000e-01,5.15000e-01,0.00000e+00
2.68906e-01,1,4.28000e-01,4.28000e-01,5.15000e-01,0.00000e+00
2.68886e-01,1,4.29000e-01,4.29000e-01,5.15000e-01,0.00000e+00
2.68866e-01,1,4.30000e-01,4.30000e-01,5.15000e-01,0.00000e+00
2.68847e-01,1,4.31000e-01,4.31000e-01,5.15000e-01,0.00000e+00
2.68827e-01,1,4.32000e-01,4.32000e-01,5.15000e-01,0.00000e+00
2.68808e-01,1,4.33000e-01,4.33000e-01,5.15000e-01,0.00000e+00
2.68790e-01,1,4.34000e-01,4.34000e-01,5.15000e-01,0.00000e+00
2.68771e-01,1,4.35000e-01,4.35000e-01,5.15000e-01,0.00000e+00
2.68753e-01,1,4.36000e-01,4.36000e-01,5.15000e-01,0.00000e+00
2.68736e-01,1,4.37000e-01,4.37000e-01,5.15000e-01,0.00000e+00
2.68723e-01,1,4.38000e-01,4.38000e-01,5.15000e-01,0.00000e+00
2.68710e-01,1,4.39000e-01,4.39000e-01,5.15000e-01,0.00000e+00
2.68697e-01,1,4.40000e-01,4.40000e-01,5.15000e-01,0.00000e+00
2.68684e-01,1,4.41000e-01,4.41000e-01,5.15000e-01,0.00000e+00
2.68672e-01,1,4.42000e-01,4.42000e-01,5.15000e-01,0.00000e+00
2.68660e-01,1,4.43000e-01,4.43000e-01,5.15000e-01,0.00000e+00
2.68648e-01,1,4.44000e-01,4.44000e-01,5.15000e-01,0.00000e+00
2.68637e-01,1,4.45000e-01,4.45000e-01,5.15000e-01,0.00000e+00
2.68625e-01,1,4.46000e-01,4.46000e-01,5.15000e-01,0.00000e+00
2.68615e-01,1,4.47000e-01,4.47000e-01,5.15000e-01,0.00000e+00
2.68604e-01,1,4.48000e-01,4.48000e-01,5.15000e-01,0.00000e+00
2.68594e-01,1,4.49000e-01,4.49000e-01,5.15000e-01,0.00000e+00
2.68584e-01,1,4.50000e-01,4.50000e-01,5.15000e-01,0.00000e+00
2.68574e-01,1,4.51000e-01,4.51000e-01,5.15000e-01,0.00000e+00
2.68565e-01,1,4.52000e-01,4.52000e-01,5.15000e-01,0.00000e+00
2.68555e-01,1,4.53000e-01,4.53000e-01,5.15000e-01,0.00000e+00
2.68547e-01,1,4.54000e-01,4.54000e-01,5.15000e-01,0.00000e+00
2.68538e-01,1,4.55000e-01,4.55000e-01,5.15000e-01,0.00000e+00
2.68530e-01,1,4.56000e-01,4.56000e-01,5.15000e-01,0.00000e+00
2.68522e-01,1,4.57000e-01,4.57000e-01,5.15000e-01,0.00000e+00
2.68514e-01,1,4.58000e-01,4.58000e-01,5.15000e-01,0.00000e+00
2.68506e-01,1,4.59000e-01,4.59000e-01,5.15000e-01,0.00000e+00
2.68499e-01,1,4.60000e-01,4.60000e-01,5.15000e-01,0.00000e+00
2.68492e-01,1,4.61000e-01,4.61000e-01,5.15000e-01,0.00000e+00
2.68486e-01,1,4.62000e-01,4.62000e-01,5.15000e-01,0.00000e+00
2.68479e-01,1,4.63000e-01,4.63000e-01,5.15000e-01,0.00000e+00
2.68473e-01,1,4.64000e-01,4.64000e-01,5.15000e-01,0.00000e+00
2.68468e-01,1,4.65000e-01,4.65000e-01,5.15000e-01,0.00000e+00
2.68462e-01,1,4.66000e-01,4.66000e-01,5.15000e-01,0.00000e+00
2.68457e-01,1,4.67000e-01,4.67000e-01,5.15000e-01,0.00000e+00
2.68452e-01,1,4.68000e-01,4.68000e-01,5.15000e-01,0.00000e+00
2.68447e-01,1,4.69000e-01,4.69000e-01,5.15000e-01,0.00000e+00
2.68443e-01,1,4.70000e-01,4.70000e-01,5.15000e-01,0.00000e+00
2.68439e-01,1,4.71000e-01,4.71000e-01,5.15000e-01,0.00000e+00
2.68435e-01,1,4.72000e-01,4.72000e-01,5.15000e-01,0.00000e+00
2.68431e-01,1,4.73000e-01,4.73000e-01,5.15000e-01,0.00000e+00
2.68428e-01,1,4.74000e-01,4.74000e-01,5.15000e-01,0.00000e+00
2.68425e-01,1,4.75000e-01,4.75000e-01,5.15000e-01,0.00000e+00
2.68422e-01,1,4.76000e-01,4.76000e-01,5.15000e-01,0.00000e+00
2.68420e-01,1,4.77000e-01,4.77000e-01,5.15000e-01,0.00000e+00
2.68418e-01,1,4.78000e-01,4.78000e-01,5.15000e-01,0.00000e+00
2.68416e-01,1,4.79000e-01,4.79000e-01,5.15000e-01,0.00000e+00
2.68414e-01,1,4.80000e-01,4.80000e-01,5.15000e-01,0.00000e+00
2.68413e-01,1,4.81000e-01,4.81000e-01,5.15000e-01,0.00000e+00
2.68412e-01,1,4.82000e-01,4.82000e-01,5.15000e-01,0.00000e+00
2.68411e-01,1,4.83000e-01,4.83000e-01,5.15000e-01,0.00000e+00
2.68410e-01,1,4.84000e-01,4.84000e-01,5.15000e-01,0.00000e+00
2.68410e-01,1,4.85000e-01,4.85000e-01,5.15000e-01,0.00000e+00
2.68410e-01,1,4.86000e-01,4.86000e-01,5.15000e-01,0.00000e+00
2.68412e-01,1,4.87000e-01,4.87000e-01,5.15000e-01,0.00000e+00
2.68415e-01,1,4.88000e-01,4.88000e-01,5.15000e-01,0.00000e+00
2.68417e-01,1,4.89000e-01,4.89000e-01,5.15000e-01,0.00000e+00
2.68421e-01,1,4.90000e-01,4.90000e-01,5.15000e-01,0.00000e+00
2.68424e-01,1,4.91000e-01,4.91000e-01,5.15000e-01,0.00000e+00
2.68428e-01,1,4.92000e-01,4.92000e-01,5.15000e-01,0.00000e+00
2.68433e-01,1,4.93000e-01,4.93000e-01,5.15000e-01,0.00000e+00
2.68438e-01,1,4.94000e-01,4.94000e-01,5.15000e-01,0.00000e+00
2.68443e-01,1,4.95000e-01,4.95000e-01,5.15000e-01,0.00000e+00
2.68449e-01,1,4.96000e-01,4.96000e-01,5.15000e-01,0.00000e+00
2.68455e-01,1,4.97000e-01,4.97000e-01,5.15000e-01,0.00000e+00
2.68462e-01,1,4.98000e-01,4.98000e-01,5.15000e-01,0.00000e+00
2.68469e-01,1,4.99000e-01,4.99000e-01,5.15000e-01,0.00000e+00
2.68476e-01,1,5.00000e-01,5.00000e-01,5.15000e-01,0.00000e+00
2.68484e-01,1,5.01000e-01,5.01000e-01,5.15000e-01,0.00000e+00
2.68492e-01,1,5.02000e-01,5.02000e-01,5.15000e-01,0.00000e+00
2.68501e-01,1,5.03000e-01,5.03000e-01,5.15000e-01,0.00000e+00
2.68511e-01,1,5.04000e-01,5.04000e-01,5.15000e-01,0.00000e+00
2.68520e-01,1,5.05000e-01,5.05000e-01,5.15000e-01,0.00000e+00
2.68530e-01,1,5.06000e-01,5.06000e-01,5.15000e-01,0.00000e+00
2.68541e-01,1,5.07000e-01,5.07000e-01,5.15000e-01,0.00000e+00
2.68552e-01,1,5.08000e-01,5.08000e-01,5.15000e-01,0.00000e+00
2.68563e-01,1,5.09000e-01,5.09000e-01,5.15000e-01,0.00000e+00
2.68575e-01,1,5.10000e-01,5.10000e-01,5.15000e-01,0.00000e+00
2.68588e-01,1,5.11000e-01,5.11000e-01,5.15000e-01,0.00000e+00
2.68600e-01,1,5.12000e-01,5.12000e-01,5.15000e-01,0.00000e+00
2.68613e-01,1,5.13000e-01,5.13000e-01,5.15000e-01,0.00000e+00
2.68627e-01,1,5.14000e-01,5.14000e-01,5.15000e-01,0.00000e+00
2.68639e-01,1,5.15000e-01,5.15000e-01,5.15000e-01,0.00000e+00
2.68652e-01,1,5.16000e-01,5.16000e-01,5.15000e-01,0.00000e+00
2.68666e-01,1,5.17000e-01,5.17000e-01,5.15000e-01,0.00000e+00
2.68680e-01,1,5.18000e-01,5.18000e-01,5.15000e-01,0.00000e+00
2.68694e-01,1,5.19000e-01,5.19000e-01,5.15000e-01,0.00000e+00
2.68709e-01,1,5.20000e-01,5.20000e-01,5.15000e-01,0.00000e+00
2.68724e-01,1,5.21000e-01,5.21000e-01,5.15000e-01,0.00000e+00
2.68740e-01,1,5.22000e-01,5.22000e-01,5.15000e-01,0.00000e+00
2.68756e-01,1,5.23000e-01,5.23000e-01,5.15000e-01,0.00000e+00
2.68772e-01,1,5.24000e-01,5.24000e-01,5.15000e-01,0.00000e+00
2.68789e-01,1,5.25000e-01,5.25000e-01,5.15000e-01,0.00000e+00
2.68807e-01,1,5.26000e-01,5.26000e-01,5.15000e-01,0.00000e+00
2.68825e-01,1,5.27000e-01,5.27000e-01,5.15000e-01,0.00000e+00
2.68844e-01,1,5.28000e-01,5.28000e-01,5.15000e-01,0.00000e+00
2.68863e-01,1,5.29000e-01,5.29000e-01,5.15000e-01,0.00000e+00
2.68882e-01,1,5.30000e-01,5.30000e-01,5.15000e-01,0.00000e+00
2.68902e-01,1,5.31000e-01,5.31000e-01,5.15000e-01,0.00000e+00
2.68922e-01,1,5.32000e-01,5.32000e-01,5.15000e-01,0.00000e+00
2.68943e-01,1,5.33000e-01,5.33000e-01,5.15000e-01,0.00000e+00
2.68965e-01,1,5.34000e-01,5.34000e-01,5.15000e-01,0.00000e+00
2.68990e-01,1,5.35000e-01,5.35000e-01,5.15000e-01,0.00000e+00
2.69014e-01,1,5.36000e-01,5.36000e-01,5.15000e-01,0.00000e+00
2.69039e-01,1,5.37000e-01,5.37000e-01,5.15000e-01,0.00000e+00
2.69064e-01,1,5.38000e-01,5.38000e-01,5.15000e-01,0.00000e+00
2.69090e-01,1,5.39000e-01,5.39000e-01,5.15000e-01,0.00000e+00
2.69115e-01,1,5.40000e-01,5.40000e-01,5.15000e-01,0.00000e+00
2.69141e-01,1,5.41000e-01,5.41000e-01,5.15000e-01,0.00000e+00
2.69167e-01,1,5.42000e-01,5.42000e-01,5.15000e-01,0.00000e+00
2.69194e-01,1,5.43000e-01,5.43000e-01,5.15000e-01,0.00000e+00
2.69220e-01,1,5.44000e-01,5.44000e-01,5.15000e-01,0.00000e+00
2.69247e-01,1,5.45000e-01,5.45000e-01,5.15000e-01,0.00000e+00
2.69274e-01,1,5.46000e-01,5.46000e-01,5.15000e-01,0.00000e+00
2.69302e-01,1,5.47000e-01,5.47000e-01,5.15000e-01,0.00000e+00
2.69329e-01,1,5.48000e-01,5.48000e-01,5.15000e-01,0.00000e+00
2.69357e-01,1,5.49000e-01,5.49000e-01,5.15000e-01,0.00000e+00
2.69385e-01,1,5.50000e-01,5.50000e-01,5.15000e-01,0.00000e+00
2.69413e-01,1,5.51000e-01,5.51000e-01,5.15000e-01,0.00000e+00
2.69442e-01,1,5.52000e-01,5.52000e-01,5.15000e-01,0.00000e+00
2.69470e-01,1,5.53000e-01,5.53000e-01,5.15000e-01,0.00000e+00
2.69499e-01,1,5.54000e-01,5.54000e-01,5.15000e-01,0.00000e+00
2.69529e-01,1,5.55000e-01,5.55000e-01,5.15000e-01,0.00000e+00
2.69558e-01,1,5.56000e-01,5.56000e-01,5.15000e-01,0.00000e+00
2.69588e-01,1,5.57000e-01,5.57000e-01,5.15000e-01,0.00000e+00
2.69618e-01,1,5.58000e-01,5.58000e-01,5.15000e-01,0.00000e+00
2.69648e-01,1,5.59000e-01,5.59000e-01,5.15000e-01,0.00000e+00
2.69678e-01,1,5.60000e-01,5.60000e-01,5.15000e-01,0.00000e+00
2.69709e-01,1,5.61000e-01,5.61000e-01,5.15000e-01,0.00000e+00
2.69740e-01,1,5.62000e-01,5.62000e-01,5.15000e-01,0.00000e+00
2.69771e-01,1,5.63000e-01,5.63000e-01,5.15000e-01,0.00000e+00
2.69803e-01,1,5.64000e-01,5.64000e-01,5.15000e-01,0.00000e+00
2.69834e-01,1,5.65000e-01,5.65000e-01,5.15000e-01,0.00000e+00
2.69866e-01,1,5.66000e-01,5.66000e-01,5.15000e-01,0.00000e+00
2.69899e-01,1,5.67000e-01,5.67000e-01,5.15000e-01,0.00000e+00
2.69931e-01,1,5.68000e-01,5.68000e-01,5.15000e-01,0.00000e+00
2.69964e-01,1,5.69000e-01,5.69000e-01,5.15000e-01,0.00000e+00
2.69997e-01,1,5.70000e-01,5.70000e-01,5.15000e-01,0.00000e+00
2.70030e-01,1,5.71000e-01,5.71000e-01,5.15000e-01,0.00000e+00
2.70063e-01,1,5.72000e-01,5.72000e-01,5.15000e-01,0.00000e+00
2.70097e-01,1,5.73000e-01,5.73000e-01,5.15000e-01,0.00000e+00
2.70131e-01,1,5.74000e-01,5.74000e-01,5.15000e-01,0.00000e+00
2.70165e-01,1,5.75000e-01,5.75000e-01,5.15000e-01,0.00000e+00
2.70203e-01,1,5.76000e-01,5.76000e-01,5.15000e-01,0.00000e+00
2.70244e-01,1,5.77000e-01,5.77000e-01,5.15000e-01,0.00000e+00
2.70286e-01,1,5.78000e-01,5.78000e-01,5.15000e-01,0.00000e+00
2.70328e-01,1,5.79000e-01,5.79000e-01,5.15000e-01,0.00000e+00
2.70370e-01,1,5.80000e-01,5.80000e-01,5.15000e-01,0.00000e+00
2.70413e-01,1,5.81000e-01,5.81000e-01,5.15000e-01,0.00000e+00
2.70455e-01,1,5.82000e-01,5.82000e-01,5.15000e-01,0.00000e+00
2.70498e-01,1,5.83000e-01,5.83000e-01,5.15000e-01,0.00000e+00
2.70541e-01,1,5.84000e-01,5.84000e-01,5.15000e-01,0.00000e+00
2.70585e-01,1,5.85000e-01,5.85000e-01,5.15000e-01,0.00000e+00
2.70628e-01,1,5.86000e-01,5.86000e-01,5.15000e-01,0.00000e+00
2.70672e-01,1,5.87000e-01,5.87000e-01,5.15000e-01,0.00000e+00
2.70716e-01,1,5.88000e-01,5.88000e-01,5.15000e-01,0.00000e+00
2.70760e-01,1,5.89000e-01,5.89000e-01,5.15000e-01,0.00000e+00
2.70804e-01,1,5.90000e-01,5.90000e-01,5.15000e-01,0.00000e+00
2.70849e-01,1,5.91000e-01,5.91000e-01,5.15000e-01,0.00000e+00
2.70894e-01,1,5.92000e-01,5.92000e-01,5.15000e-01,0.00000e+00
2.70939e-01,1,5.93000e-01,5.93000e-01,5.15000e-01,0.00000e+00
2.70984e-01,1,5.94000e-01,5.94000e-01,5.15000e-01,0.00000e+00
2.71030e-01,1,5.95000e-01,5.95000e-01,5.15000e-01,0.00000e+00
2.71075e-01,1,5.96000e-01,5.96000e-01,5.15000e-01,0.00000e+00
2.71120e-01,1,5.97000e-01,5.97000e-01,5.15000e-01,0.00000e+00
2.71163e-01,1,5.98000e-01,5.98000e-01,5.15000e-01,0.00000e+00
2.71205e-01,1,5.99000e-01,5.99000e-01,5.15000e-01,0.00000e+00
2.71248e-01,1,6.00000e-01,6.00000e-01,5.15000e-01,0.00000e+00
2.71291e-01,1,6.01000e-01,6.01000e-01,5.15000e-01,0.00000e+00
2.71334e-01,1,6.02000e-01,6.02000e-01,5.15000e-01,0.00000e+00
2.71378e-01,1,6.03000e-01,6.03000e-01,5.15000e-01,0.00000e+00
2.71421e-01,1,6.04000e-01,6.04000e-01,5.15000e-01,0.00000e+00
2.71465e-01,1,6.05000e-01,6.05000e-01,5.15000e-01,0.00000e+00
2.71509e-01,1,6.06000e-01,6.06000e-01,5.15000e-01,0.00000e+00
2.71553e-01,1,6.07000e-01,6.07000e-01,5.15000e-01,0.00000e+00
2.71597e-01,1,6.08000e-01,6.08000e-01,5.15000e-01,0.00000e+00
2.71642e-01,1,6.09000e-01,6.09000e-01,5.15000e-01,0.00000e+00
2.71687e-01,1,6.10000e-01,6.10000e-01,5.15000e-01,0.00000e+00
2.71732e-01,1,6.11000e-01,6.11000e-01,5.15000e-01,0.00000e+00
2.71777e-01,1,6.12000e-01,6.12000e-01,5.15000e-01,0.00000e+00
2.71823e-01,1,6.13000e-01,6.13000e-01,5.15000e-01,0.00000e+00
2.71868e-01,1,6.14000e-01,6.14000e-01,5.15000e-01,0.00000e+00
2.71914e-01,1,6.15000e-01,6.15000e-01,5.15000e-01,0.00000e+00
2.71960e-01,1,6.16000e-01,6.16000e-01,5.15000e-01,0.00000e+00
2.72009e-01,1,6.17000e-01,6.17000e-01,5.15000e-01,0.00000e+00
2.72062e-01,1,6.18000e-01,6.18000e-01,5.15000e-01,0.00000e+00
2.72116e-01,1,6.19000e-01,6.19000e-01,5.15000e-01,0.00000e+00
2.72170e-01,1,6.20000e-01,6.20000e-01,5.15000e-01,0.00000e+00
2.72223e-01,1,6.21000e-01,6.21000e-01,5.15000e-01,0.00000e+00
2.72277e-01,1,6.22000e-01,6.22000e-01,5.15000e-01,0.00000e+00
2.72332e-01,1,6.23000e-01,6.23000e-01,5.15000e-01,0.00000e+00
2.72386e-01,1,6.24000e-01,6.24000e-01,5.15000e-01,0.00000e+00
2.72440e-01,1,6.25000e-01,6.25000e-01,5.15000e-01,0.00000e+00
2.72495e-01,1,6.26000e-01,6.26000e-01,5.15000e-01,0.00000e+00
2.72550e-01,1,6.27000e-01,6.27000e-01,5.15000e-01,0.00000e+00
2.72605e-01,1,6.28000e-01,6.28000e-01,5.15000e-01,0.00000e+00
2.72660e-01,1,6.29000e-01,6.29000e-01,5.15000e-01,0.00000e+00
2.72716e-01,1,6.30000e-01,6.30000e-01,5.15000e-01,0.00000e+00
2.72771e-01,1,6.31000e-01,6.31000e-01,5.15000e-01,0.00000e+00
2.72827e-01,1,6.32000e-01,6.32000e-01,5.15000e-01,0.00000e+00
2.72883e-01,1,6.33000e-01,6.33000e-01,5.15000e-01,0.00000e+00
2.72939e-01,1,6.34000e-01,6.34000e-01,5.15000e-01,0.00000e+00
2.72995e-01,1,6.35000e-01,6.35000e-01,5.15000e-01,0.00000e+00
2.73052e-01,1,6.36000e-01,6.36000e-01,5.15000e-01,0.00000e+00
2.73108e-01,1,6.37000e-01,6.37000e-01,5.15000e-01,0.00000e+00
2.73165e-01,1,6.38000e-01,6.38000e-01,5.15000e-01,0.00000e+00
2.73222e-01,1,6.39000e-01,6.39000e-01,5.15000e-01,0.00000e+00
2.73279e-01,1,6.40000e-01,6.40000e-01,5.15000e-01,0.00000e+00
2.73337e-01,1,6.41000e-01,6.41000e-01,5.15000e-01,0.00000e+00
2.73394e-01,1,6.42000e-01,6.42000e-01,5.15000e-01,0.00000e+00
2.73452e-01,1,6.43000e-01,6.43000e-01,5.15000e-01,0.00000e+00
2.73510e-01,1,6.44000e-01,6.44000e-01,5.15000e-01,0.00000e+00
2.73568e-01,1,6.45000e-01,6.45000e-01,5.15000e-01,0.00000e+00
2.73626e-01,1,6.46000e-01,6.46000e-01,5.15000e-01,0.00000e+00
2.73684e-01,1,6.47000e-01,6.47000e-01,5.15000e-01,0.00000e+00
2.73743e-01,1,6.48000e-01,6.48000e-01,5.15000e-01,0.00000e+00
2.73802e-01,1,6.49000e-01,6.49000e-01,5.15000e-01,0.00000e+00
2.73861e-01,1,6.50000e-01,6.50000e-01,5.15000e-01,0.00000e+00
2.73920e-01,1,6.51000e-01,6.51000e-01,5.15000e-01,0.00000e+00
2.73979e-01,1,6.52000e-01,6.52000e-01,5.15000e-01,0.00000e+00
2.74039e-01,1,6.53000e-01,6.53000e-01,5.15000e-01,0.00000e+00
2.74099e-01,1,6.54000e-01,6.54000e-01,5.15000e-01,0.00000e+00
2.74158e-01,1,6.55000e-01,6.55000e-01,5.15000e-01,0.00000e+00
2.74219e-01,1,6.56000e-01,6.56000e-01,5.15000e-01,0.00000e+00
2.74281e-01,1,6.57000e-01,6.57000e-01,5.15000e-01,0.00000e+00
2.74348e-01,1,6.58000e-01,6.58000e-01,5.15000e-01,0.00000e+00
2.74414e-01,1,6.59000e-01,6.59000e-01,5.15000e-01,0.00000e+00
2.74481e-01,1,6.60000e-01,6.60000e-01,5.15000e-01,0.00000e+00
2.74548e-01,1,6.61000e-01,6.61000e-01,5.15000e-01,0.00000e+00
2.74616e-01,1,6.62000e-01,6.62000e-01,5.15000e-01,0.00000e+00
2.74683e-01,1,6.63000e-01,6.63000e-01,5.15000e-01,0.00000e+00
2.74750e-01,1,6.64000e-01,6.64000e-01,5.15000e-01,0.00000e+00
2.74818e-01,1,6.65000e-01,6.65000e-01,5.15000e-01,0.00000e+00
2.74886e-01,1,6.66000e-01,6.66000e-01,5.15000e-01,0.00000e+00
2.74954e-01,1,6.67000e-01,6.67000e-01,5.15000e-01,0.00000e+00
2.75022e-01,1,6.68000e-01,6.68000e-01,5.15000e-01,0.00000e+00
2.75090e-01,1,6.69000e-01,6.69000e-01,5.15000e-01,0.00000e+00
2.75158e-01,1,6.70000e-01,6.70000e-01,5.15000e-01,0.00000e+00
2.75227e-01,1,6.71000e-01,6.71000e-01,5.15000e-01,0.00000e+00
2.75295e-01,1,6.72000e-01,6.72000e-01,5.15000e-01,0.00000e+00
2.75364e-01,1,6.73000e-01,6.73000e-01,5.15000e-01,0.00000e+00
2.75433e-01,1,6.74000e-01,6.74000e-01,5.15000e-01,0.00000e+00
2.75502e-01,1,6.75000e-01,6.75000e-01,5.15000e-01,0.00000e+00
2.75571e-01,1,6.76000e-01,6.76000e-01,5.15000e-01,0.00000e+00
2.75640e-01,1,6.77000e-01,6.77000e-01,5.15000e-01,0.00000e+00
2.75710e-01,1,6.78000e-01,6.78000e-01,5.15000e-01,0.00000e+00
2.75780e-01,1,6.79000e-01,6.79000e-01,5.15000e-01,0.00000e+00
2.75849e-01,1,6.80000e-01,6.80000e-01,5.15000e-01,0.00000e+00
2.75919e-01,1,6.81000e-01,6.81000e-01,5.15000e-01,0.00000e+00
2.75989e-01,1,6.82000e-01,6.82000e-01,5.15000e-01,0.00000e+00
2.76059e-01,1,6.83000e-01,6.83000e-01,5.15000e-01,0.00000e+00
2.76129e-01,1,6.84000e-01,6.84000e-01,5.15000e-01,0.00000e+00
2.76196e-01,1,6.85000e-01,6.85000e-01,5.15000e-01,0.00000e+00
2.76263e-01,1,6.86000e-01,6.86000e-01,5.15000e-01,0.00000e+00
2.76331e-01,1,6.87000e-01,6.87000e-01,5.15000e-01,0.00000e+00
2.76398e-01,1,6.88000e-01,6.88000e-01,5.15000e-01,0.00000e+00
2.76466e-01,1,6.89000e-01,6.89000e-01,5.15000e-01,0.00000e+00
2.76534e-01,1,6.90000e-01,6.90000e-01,5.15000e-01,0.00000e+00
2.76602e-01,1,6.91000e-01,6.91000e-01,5.15000e-01,0.00000e+00
2.76671e-01,1,6.92000e-01,6.92000e-01,5.15000e-01,0.00000e+00
2.76739e-01,1,6.93000e-01,6.93000e-01,5.15000e-01,0.00000e+00
2.76808e-01,1,6.94000e-01,6.94000e-01,5.15000e-01,0.00000e+00
2.76877e-01,1,6.95000e-01,6.95000e-01,5.15000e-01,0.00000e+00
2.76946e-01,1,6.96000e-01,6.96000e-01,5.15000e-01,0.00000e+00
2.77021e-01,1,6.97000e-01,6.97000e-01,5.15000e-01,0.00000e+00
2.77095e-01,1,6.98000e-01,6.98000e-01,5.15000e-01,0.00000e+00
2.77169e-01,1,6.99000e-01,6.99000e-01,5.15000e-01,0.00000e+00
2.77243e-01,1,7.00000e-01,7.00000e-01,5.15000e-01,0.00000e+00
2.77318e-01,1,7.01000e-01,7.01000e-01,5.15000e-01,0.00000e+00
2.77393e-01,1,7.02000e-01,7.02000e-01,5.15000e-01,0.00000e+00
2.77467e-01,1,7.03000e-01,7.03000e-01,5.15000e-01,0.00000e+00
2.77542e-01,1,7.04000e-01,7.04000e-01,5.15000e-01,0.00000e+00
2.77617e-01,1,7.05000e-01,7.05000e-01,5.15000e-01,0.00000e+00
2.77692e-01,1,7.06000e-01,7.06000e-01,5.15000e-01,0.00000e+00
2.77768e-01,1,7.07000e-01,7.07000e-01,5.15000e-01,0.00000e+00
2.77843e-01,1,7.08000e-01,7.08000e-01,5.15000e-01,0.00000e+00
2.77919e-01,1,7.09000e-01,7.09000e-01,5.15000e-01,0.00000e+00
2.77994e-01,1,7.10000e-01,7.10000e-01,5.15000e-01,0.00000e+00
2.78070e-01,1,7.11000e-01,7.11000e-01,5.15000e-01,0.00000e+00
2.78146e-01,1,7.12000e-01,7.12000e-01,5.15000e-01,0.00000e+00
2.78222e-01,1,7.13000e-01,7.13000e-01,5.15000e-01,0.00000e+00
2.78298e-01,1,7.14000e-01,7.14000e-01,5.15000e-01,0.00000e+00
2.78374e-01,1,7.15000e-01,7.15000e-01,5.15000e-01,0.00000e+00
2.78450e-01,1,7.16000e-01,7.16000e-01,5.15000e-01,0.00000e+00
2.78527e-01,1,7.17000e-01,7.17000e-01,5.15000e-01,0.00000e+00
2.78603e-01,1,7.18000e-01,7.18000e-01,5.15000e-01,0.00000e+00
2.78680e-01,1,7.19000e-01,7.19000e-01,5.15000e-01,0.00000e+00
2.78757e-01,1,7.20000e-01,7.20000e-01,5.15000e-01,0.00000e+00
2.78834e-01,1,7.21000e-01,7.21000e-01,5.15000e-01,0.00000e+00
2.78911e-01,1,7.22000e-01,7.22000e-01,5.15000e-01,0.00000e+00
2.78988e-01,1,7.23000e-01,7.23000e-01,5.15000e-01,0.00000e+00
2.79065e-01,1,7.24000e-01,7.24000e-01,5.15000e-01,0.00000e+00
2.79143e-01,1,7.25000e-01,7.25000e-01,5.15000e-01,0.00000e+00
2.79220e-01,1,7.26000e-01,7.26000e-01,5.15000e-01,0.00000e+00
2.79298e-01,1,7.27000e-01,7.27000e-01,5.15000e-01,0.00000e+00
2.79375e-01,1,7.28000e-01,7.28000e-01,5.15000e-01,0.00000e+00
2.79453e-01,1,7.29000e-01,7.29000e-01,5.15000e-01,0.00000e+00
2.79531e-01,1,7.30000e-01,7.30000e-01,5.15000e-01,0.00000e+00
2.79610e-01,1,7.31000e-01,7.31000e-01,5.15000e-01,0.00000e+00
2.79688e-01,1,7.32000e-01,7.32000e-01,5.15000e-01,0.00000e+00
2.79766e-01,1,7.33000e-01,7.33000e-01,5.15000e-01,0.00000e+00
2.79845e-01,1,7.34000e-01,7.34000e-01,5.15000e-01,0.00000e+00
2.79926e-01,1,7.35000e-01,7.35000e-01,5.15000e-01,0.00000e+00
2.80008e-01,1,7.36000e-01,7.36000e-01,5.15000e-01,0.00000e+00
2.80090e-01,1,7.37000e-01,7.37000e-01,5.15000e-01,0.00000e+00
2.80172e-01,1,7.38000e-01,7.38000e-01,5.15000e-01,0.00000e+00
2.80254e-01,1,7.39000e-01,7.39000e-01,5.15000e-01,0.00000e+00
2.80335e-01,1,7.40000e-01,7.40000e-01,5.15000e-01,0.00000e+00
2.80417e-01,1,7.41000e-01,7.41000e-01,5.15000e-01,0.00000e+00
2.80500e-01,1,7.42000e-01,7.42000e-01,5.15000e-01,0.00000e+00
2.80582e-01,1,7.43000e-01,7.43000e-01,5.15000e-01,0.00000e+00
2.80664e-01,1,7.44000e-01,7.44000e-01,5.15000e-01,0.00000e+00
2.80746e-01,1,7.45000e-01,7.45000e-01,5.15000e-01,0.00000e+00
2.80828e-01,1,7.46000e-01,7.46000e-01,5.15000e-01,0.00000e+00
2.80911e-01,1,7.47000e-01,7.47000e-01,5.15000e-01,0.00000e+00
2.80993e-01,1,7.48000e-01,7.48000e-01,5.15000e-01,0.00000e+00
2.81076e-01,1,7.49000e-01,7.49000e-01,5.15000e-01,0.00000e+00
2.81158e-01,1,7.50000e-01,7.50000e-01,5.15000e-01,0.00000e+00
2.81241e-01,1,7.51000e-01,7.51000e-01,5.15000e-01,0.00000e+00
2.81323e-01,1,7.52000e-01,7.52000e-01,5.15000e-01,0.00000e+00
2.81406e-01,1,7.53000e-01,7.53000e-01,5.15000e-01,0.00000e+00
2.81489e-01,1,7.54000e-01,7.54000e-01,5.15000e-01,0.00000e+00
2.81572e-01,1,7.55000e-01,7.55000e-01,5.15000e-01,0.00000e+00
2.81655e-01,1,7.56000e-01,7.56000e-01,5.15000e-01,0.00000e+00
2.81737e-01,1,7.57000e-01,7.57000e-01,5.15000e-01,0.00000e+00
2.81820e-01,1,7.58000e-01,7.58000e-01,5.15000e-01,0.00000e+00
2.81904e-01,1,7.59000e-01,7.59000e-01,5.15000e-01,0.00000e+00
2.81987e-01,1,7.60000e-01,7.60000e-01,5.15000e-01,0.00000e+00
2.82070e-01,1,7.61000e-01,7.61000e-01,5.15000e-01,0.00000e+00
2.82153e-01,1,7.62000e-01,7.62000e-01,5.15000e-01,0.00000e+00
2.82235e-01,1,7.63000e-01,7.63000e-01,5.15000e-01,0.00000e+00
2.82318e-01,1,7.64000e-01,7.64000e-01,5.15000e-01,0.00000e+00
2.82400e-01,1,7.65000e-01,7.65000e-01,5.15000e-01,0.00000e+00
2.82483e-01,1,7.66000e-01,7.66000e-01,5.15000e-01,0.00000e+00
2.82566e-01,1,7.67000e-01,7.67000e-01,5.15000e-01,0.00000e+00
2.82648e-01,1,7.68000e-01,7.68000e-01,5.15000e-01,0.00000e+00
2.82731e-01,1,7.69000e-01,7.69000e-01,5.15000e-01,0.00000e+00
2.82815e-01,1,7.70000e-01,7.70000e-01,5.15000e-01,0.00000e+00
2.82898e-01,1,7.71000e-01,7.71000e-01,5.15000e-01,0.00000e+00
2.82981e-01,1,7.72000e-01,7.72000e-01,5.15000e-01,0.00000e+00
2.83065e-01,1,7.73000e-01,7.73000e-01,5.15000e-01,0.00000e+00
2.83149e-01,1,7.74000e-01,7.74000e-01,5.15000e-01,0.00000e+00
2.83233e-01,1,7.75000e-01,7.75000e-01,5.15000e-01,0.00000e+00
2.83316e-01,1,7.76000e-01,7.76000e-01,5.15000e-01,0.00000e+00
2.83400e-01,1,7.77000e-01,7.77000e-01,5.15000e-01,0.00000e+00
2.83484e-01,1,7.78000e-01,7.78000e-01,5.15000e-01,0.00000e+00
2.83568e-01,1,7.79000e-01,7.79000e-01,5.15000e-01,0.00000e+00
2.83652e-01,1,7.80000e-01,7.80000e-01,5.15000e-01,0.00000e+00
2.83737e-01,1,7.81000e-01,7.81000e-01,5.15000e-01,0.00000e+00
2.83821e-01,1,7.82000e-01,7.82000e-01,5.15000e-01,0.00000e+00
2.83905e-01,1,7.83000e-01,7.83000e-01,5.15000e-01,0.00000e+00
2.83989e-01,1,7.84000e-01,7.84000e-01,5.15000e-01,0.00000e+00
2.84074e-01,1,7.85000e-01,7.85000e-01,5.15000e-01,0.00000e+00
2.84158e-01,1,7.86000e-01,7.86000e-01,5.15000e-01,0.00000e+00
2.84242e-01,1,7.87000e-01,7.87000e-01,5.15000e-01,0.00000e+00
2.84327e-01,1,7.88000e-01,7.88000e-01,5.15000e-01,0.00000e+00
2.84412e-01,1,7.89000e-01,7.89000e-01,5.15000e-01,0.00000e+00
2.84496e-01,1,7.90000e-01,7.90000e-01,5.15000e-01,0.00000e+00
2.84581e-01,1,7.91000e-01,7.91000e-01,5.15000e-01,0.00000e+00
2.84665e-01,1,7.92000e-01,7.92000e-01,5.15000e-01,0.00000e+00
2.84750e-01,1,7.93000e-01,7.93000e-01,5.15000e-01,0.00000e+00
2.84835e-01,1,7.94000e-01,7.94000e-01,5.15000e-01,0.00000e+00
2.84920e-01,1,7.95000e-01,7.95000e-01,5.15000e-01,0.00000e+00
2.85005e-01,1,7.96000e-01,7.96000e-01,5.15000e-01,0.00000e+00
2.85090e-01,1,7.97000e-01,7.97000e-01,5.15000e-01,0.00000e+00
2.85175e-01,1,7.98000e-01,7.98000e-01,5.15000e-01,0.00000e+00
2.85260e-01,1,7.99000e-01,7.99000e-01,5.15000e-01,0.00000e+00
2.85345e-01,1,8.00000e-01,8.00000e-01,5.15000e-01,0.00000e+00
2.85430e-01,1,8.01000e-01,8.01000e-01,5.15000e-01,0.00000e+00
2.85516e-01,1,8.02000e-01,8.02000e-01,5.15000e-01,0.00000e+00
2.85601e-01,1,8.03000e-01,8.03000e-01,5.15000e-01,0.00000e+00
2.85686e-01,1,8.04000e-01,8.04000e-01,5.15000e-01,0.00000e+00
2.85772e-01,1,8.05000e-01,8.05000e-01,5.15000e-01,0.00000e+00
2.85857e-01,1,8.06000e-01,8.06000e-01,5.15000e-01,0.00000e+00
2.85943e-01,1,8.07000e-01,8.07000e-01,5.15000e-01,0.00000e+00
2.86027e-01,1,8.08000e-01,8.08000e-01,5.15000e-01,0.00000e+00
2.86109e-01,1,8.09000e-01,8.09000e-01,5.15000e-01,0.00000e+00
2.86192e-01,1,8.10000e-01,8.10000e-01,5.15000e-01,0.00000e+00
2.86274e-01,1,8.11000e-01,8.11000e-01,5.15000e-01,0.00000e+00
2.86357e-01,1,8.12000e-01,8.12000e-01,5.15000e-01,0.00000e+00
2.86439e-01,1,8.13000e-01,8.13000e-01,5.15000e-01,0.00000e+00
2.86521e-01,1,8.14000e-01,8.14000e-01,5.15000e-01,0.00000e+00
2.86604e-01,1,8.15000e-01,8.15000e-01,5.15000e-01,0.00000e+00
2.86686e-01,1,8.16000e-01,8.16000e-01,5.15000e-01,0.00000e+00
2.86768e-01,1,8.17000e-01,8.17000e-01,5.15000e-01,0.00000e+00
2.86850e-01,1,8.18000e-01,8.18000e-01,5.15000e-01,0.00000e+00
2.86932e-01,1,8.19000e-01,8.19000e-01,5.15000e-01,0.00000e+00
2.87014e-01,1,8.20000e-01,8.20000e-01,5.15000e-01,0.00000e+00
2.87096e-01,1,8.21000e-01,8.21000e-01,5.15000e-01,0.00000e+00
2.87178e-01,1,8.22000e-01,8.22000e-01,5.15000e-01,0.00000e+00
2.87260e-01,1,8.23000e-01,8.23000e-01,5.15000e-01,0.00000e+00
2.87342e-01,1,8.24000e-01,8.24000e-01,5.15000e-01,0.00000e+00
2.87424e-01,1,8.25000e-01,8.25000e-01,5.15000e-01,0.00000e+00
2.87506e-01,1,8.26000e-01,8.26000e-01,5.15000e-01,0.00000e+00
2.87588e-01,1,8.27000e-01,8.27000e-01,5.15000e-01,0.00000e+00
2.87669e-01,1,8.28000e-01,8.28000e-01,5.15000e-01,0.00000e+00
2.87751e-01,1,8.29000e-01,8.29000e-01,5.15000e-01,0.00000e+00
2.87832e-01,1,8.30000e-01,8.30000e-01,5.15000e-01,0.00000e+00
2.87914e-01,1,8.31000e-01,8.31000e-01,5.15000e-01,0.00000e+00
2.87996e-01,1,8.32000e-01,8.32000e-01,5.15000e-01,0.00000e+00
2.88079e-01,1,8.33000e-01,8.33000e-01,5.15000e-01,0.00000e+00
2.88164e-01,1,8.34000e-01,8.34000e-01,5.15000e-01,0.00000e+00
2.88248e-01,1,8.35000e-01,8.35000e-01,5.15000e-01,0.00000e+00
2.88332e-01,1,8.36000e-01,8.36000e-01,5.15000e-01,0.00000e+00
2.88417e-01,1,8.37000e-01,8.37000e-01,5.15000e-01,0.00000e+00
2.88501e-01,1,8.38000e-01,8.38000e-01,5.15000e-01,0.00000e+00
2.88586e-01,1,8.39000e-01,8.39000e-01,5.15000e-01,0.00000e+00
2.88671e-01,1,8.40000e-01,8.40000e-01,5.15000e-01,0.00000e+00
2.88755e-01,1,8.41000e-01,8.41000e-01,5.15000e-01,0.00000e+00
2.88840e-01,1,8.42000e-01,8.42000e-01,5.15000e-01,0.00000e+00
2.88921e-01,1,8.43000e-01,8.43000e-01,5.15000e-01,0.00000e+00
2.89000e-01,1,8.44000e-01,8.44000e-01,5.15000e-01,0.00000e+00
2.89078e-01,1,8.45000e-01,8.45000e-01,5.15000e-01,0.00000e+00
2.89155e-01,1,8.46000e-01,8.46000e-01,5.15000e-01,0.00000e+00
2.89233e-01,1,8.47000e-01,8.47000e-01,5.15000e-01,0.00000e+00
2.89311e-01,1,8.48000e-01,8.48000e-01,5.15000e-01,0.00000e+00
2.89389e-01,1,8.49000e-01,8.49000e-01,5.15000e-01,0.00000e+00
2.89467e-01,1,8.50000e-01,8.50000e-01,5.15000e-01,0.00000e+00
2.89544e-01,1,8.51000e-01,8.51000e-01,5.15000e-01,0.00000e+00
2.89622e-01,1,8.52000e-01,8.52000e-01,5.15000e-01,0.00000e+00
2.89700e-01,1,8.53000e-01,8.53000e-01,5.15000e-01,0.00000e+00
2.89777e-01,1,8.54000e-01,8.54000e-01,5.15000e-01,0.00000e+00
2.89854e-01,1,8.55000e-01,8.55000e-01,5.15000e-01,0.00000e+00
2.89932e-01,1,8.56000e-01,8.56000e-01,5.15000e-01,0.00000e+00
2.90009e-01,1,8.57000e-01,8.57000e-01,5.15000e-01,0.00000e+00
2.90087e-01,1,8.58000e-01,8.58000e-01,5.15000e-01,0.00000e+00
2.90164e-01,1,8.59000e-01,8.59000e-01,5.15000e-01,0.00000e+00
2.90241e-01,1,8.60000e-01,8.60000e-01,5.15000e-01,0.00000e+00
2.90318e-01,1,8.61000e-01,8.61000e-01,5.15000e-01,0.00000e+00
2.90395e-01,1,8.62000e-01,8.62000e-01,5.15000e-01,0.00000e+00
2.90472e-01,1,8.63000e-01,8.63000e-01,5.15000e-01,0.00000e+00
2.90549e-01,1,8.64000e-01,8.64000e-01,5.15000e-01,0.00000e+00
2.90626e-01,1,8.65000e-01,8.65000e-01,5.15000e-01,0.00000e+00
2.90703e-01,1,8.66000e-01,8.66000e-01,5.15000e-01,0.00000e+00
2.90780e-01,1,8.67000e-01,8.67000e-01,5.15000e-01,0.00000e+00
2.90856e-01,1,8.68000e-01,8.68000e-01,5.15000e-01,0.00000e+00
2.90933e-01,1,8.69000e-01,8.69000e-01,5.15000e-01,0.00000e+00
2.91010e-01,1,8.70000e-01,8.70000e-01,5.15000e-01,0.00000e+00
2.91086e-01,1,8.71000e-01,8.71000e-01,5.15000e-01,0.00000e+00
2.91163e-01,1,8.72000e-01,8.72000e-01,5.15000e-01,0.00000e+00
2.91239e-01,1,8.73000e-01,8.73000e-01,5.15000e-01,0.00000e+00
2.91315e-01,1,8.74000e-01,8.74000e-01,5.15000e-01,0.00000e+00
2.91392e-01,1,8.75000e-01,8.75000e-01,5.15000e-01,0.00000e+00
2.91468e-01,1,8.76000e-01,8.76000e-01,5.15000e-01,0.00000e+00
2.91538e-01,1,8.77000e-01,8.77000e-01,5.15000e-01,0.00000e+00
2.91603e-01,1,8.78000e-01,8.78000e-01,5.15000e-01,0.00000e+00
2.91668e-01,1,8.79000e-01,8.79000e-01,5.15000e-01,0.00000e+00
2.91733e-01,1,8.80000e-01,8.80000e-01,5.15000e-01,0.00000e+00
2.91798e-01,1,8.81000e-01,8.81000e-01,5.15000e-01,0.00000e+00
2.91863e-01,1,8.82000e-01,8.82000e-01,5.15000e-01,0.00000e+00
2.91927e-01,1,8.83000e-01,8.83000e-01,5.15000e-01,0.00000e+00
2.91991e-01,1,8.84000e-01,8.84000e-01,5.15000e-01,0.00000e+00
2.92055e-01,1,8.85000e-01,8.85000e-01,5.15000e-01,0.00000e+00
2.92119e-01,1,8.86000e-01,8.86000e-01,5.15000e-01,0.00000e+00
2.92183e-01,1,8.87000e-01,8.87000e-01,5.15000e-01,0.00000e+00
2.92246e-01,1,8.88000e-01,8.88000e-01,5.15000e-01,0.00000e+00
2.92309e-01,1,8.89000e-01,8.89000e-01,5.15000e-01,0.00000e+00
2.92372e-01,1,8.90000e-01,8.90000e-01,5.15000e-01,0.00000e+00
2.92435e-01,1,8.91000e-01,8.91000e-01,5.15000e-01,0.00000e+00
2.92497e-01,1,8.92000e-01,8.92000e-01,5.15000e-01,0.00000e+00
2.92560e-01,1,8.93000e-01,8.93000e-01,5.15000e-01,0.00000e+00
2.92622e-01,1,8.94000e-01,8.94000e-01,5.15000e-01,0.00000e+00
2.92684e-01,1,8.95000e-01,8.95000e-01,5.15000e-01,0.00000e+00
2.92752e-01,1,8.96000e-01,8.96000e-01,5.15000e-01,0.00000e+00
2.92822e-01,1,8.97000e-01,8.97000e-01,5.15000e-01,0.00000e+00
2.92891e-01,1,8.98000e-01,8.98000e-01,5.15000e-01,0.00000e+00
2.92960e-01,1,8.99000e-01,8.99000e-01,5.15000e-01,0.00000e+00
2.93029e-01,1,9.00000e-01,9.00000e-01,5.15000e-01,0.00000e+00
2.93098e-01,1,9.01000e-01,9.01000e-01,5.15000e-01,0.00000e+00
2.93167e-01,1,9.02000e-01,9.02000e-01,5.15000e-01,0.00000e+00
2.93236e-01,1,9.03000e-01,9.03000e-01,5.15000e-01,0.00000e+00
2.93305e-01,1,9.04000e-01,9.04000e-01,5.15000e-01,0.00000e+00
2.93374e-01,1,9.05000e-01,9.05000e-01,5.15000e-01,0.00000e+00
2.93442e-01,1,9.06000e-01,9.06000e-01,5.15000e-01,0.00000e+00
2.93511e-01,1,9.07000e-01,9.07000e-01,5.15000e-01,0.00000e+00
2.93579e-01,1,9.08000e-01,9.08000e-01,5.15000e-01,0.00000e+00
2.93648e-01,1,9.09000e-01,9.09000e-01,5.15000e-01,0.00000e+00
2.93705e-01,1,9.10000e-01,9.10000e-01,5.15000e-01,0.00000e+00
2.93759e-01,1,9.11000e-01,9.11000e-01,5.15000e-01,0.00000e+00
2.93813e-01,1,9.12000e-01,9.12000e-01,5.15000e-01,0.00000e+00
2.93867e-01,1,9.13000e-01,9.13000e-01,5.15000e-01,0.00000e+00
2.93920e-01,1,9.14000e-01,9.14000e-01,5.15000e-01,0.00000e+00
2.93974e-01,1,9.15000e-01,9.15000e-01,5.15000e-01,0.00000e+00
2.94027e-01,1,9.16000e-01,9.16000e-01,5.15000e-01,0.00000e+00
2.94079e-01,1,9.17000e-01,9.17000e-01,5.15000e-01,0.00000e+00
2.94132e-01,1,9.18000e-01,9.18000e-01,5.15000e-01,0.00000e+00
2.94184e-01,1,9.19000e-01,9.19000e-01,5.15000e-01,0.00000e+00
2.94236e-01,1,9.20000e-01,9.20000e-01,5.15000e-01,0.00000e+00
2.94288e-01,1,9.21000e-01,9.21000e-01,5.15000e-01,0.00000e+00
2.94339e-01,1,9.22000e-01,9.22000e-01,5.15000e-01,0.00000e+00
2.94390e-01,1,9.23000e-01,9.23000e-01,5.15000e-01,0.00000e+00
2.94441e-01,1,9.24000e-01,9.24000e-01,5.15000e-01,0.00000e+00
2.94492e-01,1,9.25000e-01,9.25000e-01,5.15000e-01,0.00000e+00
2.94542e-01,1,9.26000e-01,9.26000e-01,5.15000e-01,0.00000e+00
2.94592e-01,1,9.27000e-01,9.27000e-01,5.15000e-01,0.00000e+00
2.94642e-01,1,9.28000e-01,9.28000e-01,5.15000e-01,0.00000e+00
2.94692e-01,1,9.29000e-01,9.29000e-01,5.15000e-01,0.00000e+00
2.94741e-01,1,9.30000e-01,9.30000e-01,5.15000e-01,0.00000e+00
2.94790e-01,1,9.31000e-01,9.31000e-01,5.15000e-01,0.00000e+00
2.94839e-01,1,9.32000e-01,9.32000e-01,5.15000e-01,0.00000e+00
2.94887e-01,1,9.33000e-01,9.33000e-01,5.15000e-01,0.00000e+00
2.94935e-01,1,9.34000e-01,9.34000e-01,5.15000e-01,0.00000e+00
2.94983e-01,1,9.35000e-01,9.35000e-01,5.15000e-01,0.00000e+00
2.95031e-01,1,9.36000e-01,9.36000e-01,5.15000e-01,0.00000e+00
2.95078e-01,1,9.37000e-01,9.37000e-01,5.15000e-01,0.00000e+00
2.95125e-01,1,9.38000e-01,9.38000e-01,5.15000e-01,0.00000e+00
2.95171e-01,1,9.39000e-01,9.39000e-01,5.15000e-01,0.00000e+00
2.95218e-01,1,9.40000e-01,9.40000e-01,5.15000e-01,0.00000e+00
2.95260e-01,1,9.41000e-01,9.41000e-01,5.15000e-01,0.00000e+00
2.95291e-01,1,9.42000e-01,9.42000e-01,5.15000e-01,0.00000e+00
2.95321e-01,1,9.43000e-01,9.43000e-01,5.15000e-01,0.00000e+00
2.95350e-01,1,9.44000e-01,9.44000e-01,5.15000e-01,0.00000e+00
2.95379e-01,1,9.45000e-01,9.45000e-01,5.15000e-01,0.00000e+00
2.95408e-01,1,9.46000e-01,9.46000e-01,5.15000e-01,0.00000e+00
2.95437e-01,1,9.47000e-01,9.47000e-01,5.15000e-01,0.00000e+00
2.95464e-01,1,9.48000e-01,9.48000e-01,5.15000e-01,0.00000e+00
2.95492e-01,1,9.49000e-01,9.49000e-01,5.15000e-01,0.00000e+00
2.95519e-01,1,9.50000e-01,9.50000e-01,5.15000e-01,0.00000e+00
2.95545e-01,1,9.51000e-01,9.51000e-01,5.15000e-01,0.00000e+00
2.95584e-01,1,9.52000e-01,9.52000e-01,5.15000e-01,0.00000e+00
2.95622e-01,1,9.53000e-01,9.53000e-01,5.15000e-01,0.00000e+00
2.95660e-01,1,9.54000e-01,9.54000e-01,5.15000e-01,0.00000e+00
2.95698e-01,1,9.55000e-01,9.55000e-01,5.15000e-01,0.00000e+00
2.95735e-01,1,9.56000e-01,9.56000e-01,5.15000e-01,0.00000e+00
2.95771e-01,1,9.57000e-01,9.57000e-01,5.15000e-01,0.00000e+00
2.95808e-01,1,9.58000e-01,9.58000e-01,5.15000e-01,0.00000e+00
2.95844e-01,1,9.59000e-01,9.59000e-01,5.15000e-01,0.00000e+00
2.95880e-01,1,9.60000e-01,9.60000e-01,5.15000e-01,0.00000e+00
2.95915e-01,1,9.61000e-01,9.61000e-01,5.15000e-01,0.00000e+00
2.95950e-01,1,9.62000e-01,9.62000e-01,5.15000e-01,0.00000e+00
2.95984e-01,1,9.63000e-01,9.63000e-01,5.15000e-01,0.00000e+00
2.96018e-01,1,9.64000e-01,9.64000e-01,5.15000e-01,0.00000e+00
2.96052e-01,1,9.65000e-01,9.65000e-01,5.15000e-01,0.00000e+00
2.96085e-01,1,9.66000e-01,9.66000e-01,5.15000e-01,0.00000e+00
2.96118e-01,1,9.67000e-01,9.67000e-01,5.15000e-01,0.00000e+00
2.96150e-01,1,9.68000e-01,9.68000e-01,5.15000e-01,0.00000e+00
2.96182e-01,1,9.69000e-01,9.69000e-01,5.15000e-01,0.00000e+00
2.96213e-01,1,9.70000e-01,9.70000e-01,5.15000e-01,0.00000e+00
2.96245e-01,1,9.71000e-01,9.71000e-01,5.15000e-01,0.00000e+00
2.96261e-01,1,9.72000e-01,9.72000e-01,5.15000e-01,0.00000e+00
2.96276e-01,1,9.73000e-01,9.73000e-01,5.15000e-01,0.00000e+00
2.96291e-01,1,9.74000e-01,9.74000e-01,5.15000e-01,0.00000e+00
2.96305e-01,1,9.75000e-01,9.75000e-01,5.15000e-01,0.00000e+00
2.96319e-01,1,9.76000e-01,9.76000e-01,5.15000e-01,0.00000e+00
2.96332e-01,1,9.77000e-01,9.77000e-01,5.15000e-01,0.00000e+00
2.96344e-01,1,9.78000e-01,9.78000e-01,5.15000e-01,0.00000e+00
2.96356e-01,1,9.79000e-01,9.79000e-01,5.15000e-01,0.00000e+00
2.96368e-01,1,9.80000e-01,9.80000e-01,5.15000e-01,0.00000e+00
2.96379e-01,1,9.81000e-01,9.81000e-01,5.15000e-01,0.00000e+00
2.96389e-01,1,9.82000e-01,9.82000e-01,5.15000e-01,0.00000e+00
2.96399e-01,1,9.83000e-01,9.83000e-01,5.15000e-01,0.00000e+00
2.96408e-01,1,9.84000e-01,9.84000e-01,5.15000e-01,0.00000e+00
2.96417e-01,1,9.85000e-01,9.85000e-01,5.15000e-01,0.00000e+00
2.96425e-01,1,9.86000e-01,9.86000e-01,5.15000e-01,0.00000e+00
2.96432e-01,1,9.87000e-01,9.87000e-01,5.15000e-01,0.00000e+00
2.96439e-01,1,9.88000e-01,9.88000e-01,5.15000e-01,0.00000e+00
2.96446e-01,1,9.89000e-01,9.89000e-01,5.15000e-01,0.00000e+00
2.96452e-01,1,9.90000e-01,9.90000e-01,5.15000e-01,0.00000e+00
2.96457e-01,1,9.91000e-01,9.91000e-01,5.15000e-01,0.00000e+00
2.96461e-01,1,9.92000e-01,9.92000e-01,5.15000e-01,0.00000e+00
2.96465e-01,1,9.93000e-01,9.93000e-01,5.15000e-01,0.00000e+00
2.96469e-01,1,9.94000e-01,9.94000e-01,5.15000e-01,0.00000e+00
2.96472e-01,1,9.95000e-01,9.95000e-01,5.15000e-01,0.00000e+00
2.96474e-01,1,9.96000e-01,9.96000e-01,5.15000e-01,0.00000e+00
2.96476e-01,1,9.97000e-01,9.97000e-01,5.15000e-01,0.00000e+00
2.96477e-01,1,9.98000e-01,9.98000e-01,5.15000e-01,0.00000e+00
2.96477e-01,1,9.99000e-01,9.99000e-01,5.15000e-01,0.00000e+00
2.96477e-01,1,1.00000e+00,1.00000e+00,5.15000e-01,0.00000e+00
